OID_,line_name,Line,Change,Trunc_Sub,Sched_Redu,Change2,Trunc_Sub2,Sched_Red2,Shape__Length,Cut1_Notes,Cut2_Notes,Mode,Change_subcategory,GlobalID
1,Route 103: Ardmore to 69th St TC,103,None,Retain,Yes,Route Discontinued,Eliminate,No,39675.938100937797572,Service on Route 103 will be reduced by up to 20%. Peak headways will go from 30 to 40 minutes.,Route 103 will be discontinued. Route 105 will provide an alternative in Overbrook Park. The M Line [NHSL] provides connections between 69th Street Transit Center and Ardmore Junction until 9PM. ,Bus,Eliminated Routes and Segments,d5d43eec-efb5-4336-98bd-252c46faded7
2,Route 104: West Chester University to 69th St Transit Center,104,None,Retain,Yes,Service Reduction,Retain,Yes,197562.745627404015977,Service on Route 104 will be reduced by up to 20%. Midday headways will go from 30 to 40 minutes. ,Reduced service introduced in August 2025 will continue. ,Bus,Service Reduction,bbaaf1f3-70b8-4c6b-a2db-043759636557
3,Route 105: 69th St Transit Center to Paoli,105,Alignment,Retain,No,Route Realigned,Retain,No,73423.401500259060413,Route 105 & 106 will be combined into one route with two patterns: one segment operating between 69th St Transit Center and Rosemont (via Haverford Av and City Av) and the second extending service to Paoli. Route 65 will continue to operate on Malvern Av.,Service realignment introduced in August 2025 will continue.,Bus,Route Realigned,dfa33c4e-3e9a-41ec-8de5-1b4600538a06
4,Route 107: Lawrence Park to 69th St TC,107,None,Retain,No,None,Retain,No,97303.281402156164404,No change.,No change.,Bus,None,3cc4f388-8595-40b1-84b0-ec4f1a3f0fd1
5,Route 108: UPS or Airport to 69th St TC,108,None,Retain,Yes,Service Reduction,Retain,Yes,108701.037900475435890,Service on Route 108 will be reduced by up to 20%. Peak headways will go from 15 to 20 minutes. Midday headways will go from 15 to 20 minutes.,Reduced service introduced in August 2025 will continue. ,Bus,Service Reduction,d475f660-b6ae-48b8-9eb1-22d1a31af5ed
6,Route 109: Chester Transit Center to 69th St Transit Center,109,None,Retain,Yes,Service Reduction,Retain,Yes,67324.273894300902612,Service on Route 109 will be reduced by up to 20%. Peak headways will go from 15 to 20 minutes. Midday headways will go from 20 to 30 minutes.,Reduced service introduced in August 2025 will continue. ,Bus,Service Reduction,4d92df9a-1dff-421a-a685-b7faa6a1c402
7,Route 110: Penn State U to 69th St TC,110,None,Retain,Yes,Service Reduction,Retain,Yes,110949.826787430705735,Service on Route 110 will be reduced by up to 20%. Peak headways will go from 30 to 40 minutes. Midday headways will go from 30 to 40 minutes.,Reduced service introduced in August 2025 will continue. ,Bus,Service Reduction,c3c1bda9-9a12-42e0-ac17-edc32e2e392f
8,Route 111: Chadds Ford to 69th St TC,111,None,Retain,Yes,Service Reduction,Retain,Yes,217512.587367688247468,Service on Route 111 will be reduced by up to 20%. Peak headways will go from 30 to 40 minutes. Midday headways will go from 45 to 60 minutes.,Reduced service introduced in August 2025 will continue. ,Bus,Service Reduction,54e83a62-177e-43ea-8c38-e1854dee99ea
9,Route 112: Delaware County Community College to 69th St Transit Center,112,None,Retain,Yes,Service Reduction,Retain,Yes,46245.447710719534371,Service on Route 112 will be reduced by up to 20%. Peak headways will go from 30 to 40 minutes. ,Reduced service introduced in August 2025 will continue. ,Bus,Service Reduction,521cf497-5e3b-4fd5-a901-115e1134a109
10,Route 113: Claymont Transit Center to 69th St Transit Center,113,None,Retain,Yes,Service Reduction,Retain,Yes,179608.944205901934765,Service on Route 113 will be reduced by up to 20%. Peak headways will go from 15 to 20 minutes. Midday headways will go from 15 to 20 minutes.,Reduced service introduced in August 2025 will continue. ,Bus,Service Reduction,498ec94b-a284-4802-a993-9f9f2c326dcf
12,Route 114: Wawa Railroad Station to Darby Transit Center,114,None,Retain,Yes,Service Reduction,Retain,Yes,125596.728577475878410,Service on Route 114 will be reduced by up to 20%. Midday headways will go from 30 to 40 minutes. ,Reduced service introduced in August 2025 will continue. ,Bus,Service Reduction,c6286560-ba27-487a-83a7-c817575b2e67
13,Route 115: Darby TC to Airport via Folcroft,115,Route Shortened,Eliminate,No,Route Shortened,Eliminate,No,38769.949692324131320,"Route 115 will be shortened, and all trips will end at Darby Transit Center. Passengers traveling to Delaware County Community College and West Chester Pike can take Route 113 and transfer to Route 112 or Route 104.",Reduced service introduced in August 2025 will continue. ,Bus,Eliminated Routes and Segments,a929ec2a-3031-4614-8a4c-962190eef8ea
14,Route 115: Darby TC to Airport via Folcroft,115,Route Shortened,Retain,No,Route Shortened,Retain,No,40166.028076195703761,"Route 115 will be shortened, and all trips will end at Darby Transit Center. Passengers traveling to Delaware County Community College and West Chester Pike can take Route 113 and transfer to Route 112 or Route 104.",Reduced service introduced in August 2025 will continue. ,Bus,Route Shortened,8ead92cb-3a5d-4c79-a958-0d411874d3e5
15,Route 117: Penn State University to I-95 Industrial Park,117,None,Retain,Yes,Service Reduction,Retain,Yes,81132.426703718578210,Service on Route 117 will be reduced by up to 20%. Peak headways will go from 30 to 40 minutes. ,Reduced service introduced in August 2025 will continue. ,Bus,Service Reduction,3cd64631-53c7-42db-87f2-89afeeb1b87d
16,Route 118: Newtown Square to Chester TC,118,None,Retain,Yes,Route Discontinued,Eliminate,No,41696.909203078939754,Service on Route 118 will be reduced by up to 20%. Peak headways will go from 40 to 50 minutes. ,Route 118 will be discontinued. Route 117 will continue to provide connections to Baltimore Pike from Chester Transit Center. Route 110 will provide service to Media and Route 112 will continue to provide service to Delaware County Community College.,Bus,Eliminated Routes and Segments,d6ad268d-c1b4-4be5-ae82-36c65d249778
17,Route 119: Cheyney U to Chester Transit Center,119,None,Retain,No,None,Retain,No,96713.713927738761413,No change.,No change.,Bus,None,e03d24d1-e464-4e68-8a39-dfd8fc09790f
18,Route 123: King of Prussia to 69th St TC,123,None,Retain,Yes,Service Reduction,Retain,Yes,89593.160643050883664,Service on Route 123 will be reduced by up to 20%. Midday headways will go from 30 to 40 minutes.,Reduced service introduced in August 2025 will continue. ,Bus,Service Reduction,8fb228d4-d002-4fa9-9913-47ecab07f6dc
19,Route 124: Chesterbrook to Gulph Mills,124,Route Shortened,Eliminate,No,Route Shortened,Eliminate,No,68513.703419718862278,"Route 124 will be shortened to operate as a circulator service between Gulph Mills Station, King of Prussia Mall, and Chesterbrook. Route 125 will provide service between 30th St Station and Gulph Mills Station via Wissahickon Transit Center. Customers can also use the L [Market-Frankford Line] and M [Norristown High Speed Line] to connect to Route 124 at Gulph Mills Station.",Reduced service introduced in August 2025 will continue. ,Bus,Eliminated Routes and Segments,bdcc6784-1fc8-4ad4-91b1-bac213657e26
20,Route 124: Chesterbrook to Gulph Mills,124,Route Shortened,Retain,No,Route Shortened,Retain,No,34571.236372156228754,"Route 124 will be shortened to operate as a circulator service between Gulph Mills Station, King of Prussia Mall, and Chesterbrook. Route 125 will provide service between 30th St Station and Gulph Mills Station via Wissahickon Transit Center. Customers can also use the L [Market-Frankford Line] and M [Norristown High Speed Line] to connect to Route 124 at Gulph Mills Station. ",Reduced service introduced in August 2025 will continue. ,Bus,Route Shortened,1dfffbba-a63d-4a68-bae7-f4f876a0b872
21,Route 125: KOP Business Park to 30th Street Station,125,Route Shortened,Eliminate,No,Route Shortened,Eliminate,No,5508.215674510786812,"Route 125 will be shortened to operate between 30th St Station and King of Prussia Mall. L [Market-Frankford Line] and T [10, 11, 13, 34, 36] provide connecting service between Center City and 30th St, as will Routes 38 on Market St.",Reduced service introduced in August 2025 will continue. ,Bus,Eliminated Routes and Segments,3a205391-d0ae-42ee-9402-0ebead5d56d7
23,Route 127: Trenton TC to Oxford Valley Mall,127,None,Retain,No,Route Discontinued,Eliminate,No,70024.453074677090626,No change.,"Route 127 will be discontinued. Route 129 will continue to provide connections between Oxford Valley Mall and Bristol. No alternatives will be available between Tullytown, Levittown and Trenton, NJ. ",Bus,Eliminated Routes and Segments,a8192491-beaf-421b-9384-3344455b8568
24,Route 128: Neshaminy to Oxford Valley Mall,128,None,Retain,No,Route Discontinued,Eliminate,No,127871.756819998743595,No change.,"Route 128 will be discontinued. Route 129 will continue to provide connections between Oxford Valley Mall and Bristol. No alternatives are available for Parx Casino, Tullytown, or Levittown.",Bus,Eliminated Routes and Segments,a1991c47-2a49-4ad2-979f-7fdc13ea3e91
25,Route 129: Frankford-Knights to Oxford Valley,129,None,Retain,No,None,Retain,No,221838.904461342317518,No change.,No change.,Bus,None,300c0468-7e32-4a8d-a992-99b9028470f5
26,Route 130: BCCC to Frankford & Knights,130,None,Retain,No,None,Retain,No,160273.333798855630448,No change.,No change.,Bus,None,ff99452a-df94-42a4-bb93-bf33474e9da4
27,Route 131: Audubon to Norristown TC,131,None,Retain,Yes,Service Reduction,Retain,Yes,47283.054148147784872,Service on Route 131 will be reduced by up to 20%. Peak headways will go from 35 to 45 minutes. ,Reduced service introduced in August 2025 will continue. ,Bus,Service Reduction,f570c478-3d82-429a-95a9-f40962b46a76
28,Route 132: Telford to Montgomery Mall,132,None,Retain,No,Route Discontinued,Eliminate,No,56850.633051617376623,No change.,Route 132 will be discontinued. Route 96 will continue to provide a connection between Montgomery Mall and Lansdale. No alternatives are available between Lansdale and Telford/Souderton. ,Bus,Eliminated Routes and Segments,05b56979-a441-4093-a8dd-e1bb1c12f507
29,Route 135: West Chester to Coatesville,135,None,Retain,No,None,Retain,No,67845.769988932588603,No change.,No change.,Bus,None,7ba17775-a3ed-4f76-a3f0-c07437112439
30,Route 139: Limerick to King of Prussia,139,None,Retain,No,None,Retain,No,79168.227939347634674,No change.,No change.,Bus,None,acc290f4-76c5-426f-ae1b-a1eb830aa315
31,Route 14: Frankford Transit Center to Neshaminy / Oxford Valley Malls,14,None,Retain,No,None,Retain,No,378602.683305324753746,No change.,No change.,Bus,None,c2c39c10-a07a-4089-a16a-4f7689db9f1d
32,Route 16: City Hall to Cheltenham-Ogontz,16,None,Retain,Yes,Service Reduction,Retain,Yes,38124.141678098567354,Service on Route 16 will be reduced by up to 20%. Peak headways will go from 15 to 20 minutes. Midday headways will go from 25 to 30 minutes.,Reduced service introduced in August 2025 will continue. ,Bus,Service Reduction,b18e3837-d93a-463b-80fb-2c32d6080c15
33,Route 17: Front-Mkt to 20-Johnston / Broad-Patterson,17,Route Shortened,Eliminate,No,Route Shortened,Eliminate,No,14659.404033486443950,Route 17 will be shortened to operate between Front and Market Sts and 20th and Johnston Sts. Service south of Moyamensing Av will be discontinued. The B1 [Broad Street Line - Local] and Route 4 provide service on Broad St. Route 68 provides connecting service on Moyamensing Av. There will be no SEPTA bus service at the Navy Yard. Service on Route 17 will be reduced by up to 20%. Peak headways will be reduced from 8 to 10 minutes. Midday headways will go from 15 to 20 minutes.,Reduced service introduced in August 2025 will continue. ,Bus,Eliminated Routes and Segments,37caa4e7-09aa-4900-bbe0-35e2faa0368b
34,Route 17: Front-Mkt to 20-Johnston / Broad-Patterson,17,Route Shortened,Retain,No,Route Shortened,Retain,No,47438.791455239028437,Route 17 will be shortened to operate between Front and Market Sts and 20th and Johnston Sts. Service south of Moyamensing Av will be discontinued. The B1 [Broad Street Line - Local] and Route 4 provide service on Broad St. Route 68 provides connecting service on Moyamensing Av. There will be no SEPTA bus service at the Navy Yard. Service on Route 17 will be reduced by up to 20%. Peak headways will be reduced from 8 to 10 minutes. Midday headways will go from 15 to 20 minutes.,Reduced service introduced in August 2025 will continue. ,Bus,Route Shortened,4feb8c53-9962-4662-99bf-6d330b828841
35,Route 18: Fox Chase to Cedarbrook Plaza,18,None,Retain,Yes,Service Reduction,Retain,Yes,136810.573546502884710,Service on Route 18 will be reduced by up to 20%. Peak headways will go from 8 to 10 minutes.,Reduced service introduced in August 2025 will continue. ,Bus,Service Reduction,2b075b43-40dc-4c8a-a923-c4268509acda
36,Route 2: 20th-Johnston to Pulaski-Huntingdon Park,2,Route Shortened,Eliminate,No,Route Shortened,Eliminate,No,3362.064506112991694,"Route 2 service to Wayne Junction will be discontinued, with all trips ending at Pulaski Av and Pike St. Routes 23, 53, and 75 all serve Wayne Junction Station. Service on Route 2 will be reduced by up to 20%. Peak headways will go from 12 to 15 minutes. Midday headways will go from 20 to 30 minutes.",Reduced service introduced in August 2025 will continue. ,Bus,Eliminated Routes and Segments,9a8fde66-6fd5-4331-9f5f-3534f47cb8ce
37,Route 2: 20th-Johnston to Pulaski-Huntingdon Park,2,Route Shortened,Retain,No,Route Shortened,Retain,No,32506.173186193344009,"Route 2 service to Wayne Junction will be discontinued, with all trips ending at Pulaski Av and Pike St. Routes 23, 53, and 75 all serve Wayne Junction Station. Service on Route 2 will be reduced by up to 20%. Peak headways will go from 12 to 15 minutes. Midday headways will go from 20 to 30 minutes.",Reduced service introduced in August 2025 will continue. ,Bus,Route Shortened,d64214a7-c417-4873-a089-933c96c63deb
38,Route 20: Philadelphia Mills to Frankford Transit Center,20,None,Retain,Yes,Service Reduction,Retain,Yes,169134.437481200788170,Service on Route 20 will be reduced by up to 20%. Peak headways will go from 15 to 20 minutes. Midday headways will go from 15 to 20 minutes.,Reduced service introduced in August 2025 will continue. ,Bus,Service Reduction,ac6cb60d-8099-4579-b2d5-a0e49df3db3f
39,Route 21: Columbus-Dock to 69th St Transit Center,21,None,Retain,Yes,Service Reduction,Retain,Yes,27664.187051604090811,Service on Route 21 will be reduced by up to 20%. Peak headways will go from 9 to 12 minutes. Midday headways will go from 11 to 15 minutes.,Reduced service introduced in August 2025 will continue. ,Bus,Service Reduction,d44780c5-923b-4c61-aa3e-1f626cd64b03
40,Route 22: Warminster & Willow Grove to OTC,22,None,Retain,No,None,Retain,No,107286.055028303948347,No change.,No change.,Bus,None,33dcd078-22ee-45cb-aaa1-29f480a56d4a
41,Route 23: 11th Market to Chestnut Hill,23,None,Retain,Yes,Service Reduction,Retain,Yes,41300.835666920655058,Service on Route 23 will be reduced by up to 20%. Peak headways will go from 8 to 10 minutes. Midday headways will go from 10 to 15 minutes.,Reduced service introduced in August 2025 will continue. ,Bus,Service Reduction,b950ddce-fc30-49b3-b724-5ce5aaa8e5eb
42,Route 24: Southampton & Rockledge to FTC,24,None,Retain,No,None,Retain,No,90136.951674105759594,No change.,No change.,Bus,None,20fc3c36-d24d-4cff-8d91-640161bdcd89
43,Route 25: Frankford Transit Center to Columbus Commons,25,Alignment,Retain,Yes,Service Reduction,Retain,Yes,76098.627040009669145,Route 25 will be realigned to operate via York St and Frankford Av with service on Memphis and Cedar Sts being discontinued. Service on Route 25 will be reduced by up to 20%. Peak headways will go from 15 to 20 minutes.,Reduced service introduced in August 2025 will continue. ,Bus,Service Reduction,00027c19-8c78-4952-851f-fcefdad95797
44,Route 26: Frankford Transit Center to Chelten Av Station,26,None,Retain,Yes,Service Reduction,Retain,Yes,117162.271081163591589,Service on Route 26 will be reduced by up to 20%. Peak headways will go from 8 to 10 minutes. Midday headways will go from 15 to 20 minutes.,Reduced service introduced in August 2025 will continue. ,Bus,Service Reduction,627df511-1077-4e18-a149-ba476c508416
45,Route 27: City Hall to Plymouth Meeting Mall,27,Route Shortened,Eliminate,No,Route Shortened,Eliminate,No,5296.494518668912860,Route 27 will be shortened to operate between Plymouth Meeting Mall and City Hall. Service on South Broad St will be provided by the B1 [Broad Street Line - Local] and Route 4. Service to Barren Hill will be discontinued. Service on Route 27 will be reduced by up to 20%. Peak headways will go from 10 to 12 minutes.,Reduced service introduced in August 2025 will continue. ,Bus,Eliminated Routes and Segments,510fd316-0bf7-4cd2-8df8-9830f14cfafb
46,Route 27: City Hall to Plymouth Meeting Mall,27,Route Shortened,Retain,No,Route Shortened,Retain,No,122986.829941073650843,Route 27 will be shortened to operate between Plymouth Meeting Mall and City Hall. Service on South Broad St will be provided by the B1 [Broad Street Line - Local] and Route 4. Service to Barren Hill will be discontinued. Service on Route 27 will be reduced by up to 20%. Peak headways will go from 10 to 12 minutes.,Reduced service introduced in August 2025 will continue. ,Bus,Route Shortened,57993d68-117f-4034-ac61-e61ee0a6c9dd
47,Route 28: Fern Rock Transit Center to Torresdale-Cottman,28,None,Retain,Yes,Route Discontinued,Eliminate,No,56122.742435900378041,Service on Route 28 will be reduced by up to 20%. Peak headways will go from 25 to 30 minutes. ,Route 28 will be discontinued. Route 70 will provide service between Cottman Loop and Fern Rock Transit Center via Cottman Avenue.,Bus,Eliminated Routes and Segments,73e71242-b2e9-48d1-bfda-391b5c3ca6b7
48,Route 29: Pier 70 to 33rd-Dickinson,29,None,Retain,Yes,Service Reduction,Retain,Yes,14398.294573449813470,Service on Route 29 will be reduced by up to 20%. Peak headways will go from 12 to 15 minutes. Midday headways will go from 20 to 30 minutes.,Reduced service introduced in August 2025 will continue. ,Bus,Service Reduction,87dc2b4b-2c47-4b99-9b10-a3d5e4320dbb
49,Route 3: 33rd-Cecil B. Moore Loop to York-Dauphin,3,Route Shortened,Eliminate,No,Route Shortened,Eliminate,No,13635.090325352583022,"Route 3 service along Kensington Av will be discontinued, with all trips ending at York and Dauphin Sts. Customers can connect to the L [Market-Frankford Line] or use Route 5 for service north of York and Dauphin Sts. Service on Route 3 will be reduced by up to 20%. Peak headways will go from 10 to 12 minutes. Midday headways will go from 15 to 20 minutes.",Reduced service introduced in August 2025 will continue. ,Bus,Eliminated Routes and Segments,ade6db8c-23f2-496e-abbc-c38232c2f2fd
50,Route 3: 33rd-Cecil B. Moore Loop to York-Dauphin,3,Route Shortened,Retain,No,Route Shortened,Retain,No,14640.204309890486911,"Route 3 service along Kensington Av will be discontinued, with all trips ending at York and Dauphin Sts. Customers can connect to the L [Market-Frankford Line] or use Route 5 for service north of York and Dauphin Sts. Service on Route 3 will be reduced by up to 20%. Peak headways will go from 10 to 12 minutes. Midday headways will go from 15 to 20 minutes.",Reduced service introduced in August 2025 will continue. ,Bus,Route Shortened,65c7a9af-2474-4c19-8825-d41f26fb2bba
51,Route 310: Horsham Breeze,310,Alignment,Retain,No,Route Realigned,Retain,No,12868.390169552594671, Route 310 will be realigned to provide service on some discontinued segments from Route 311. ,Service realignment introduced in August 2025 will continue.,Bus,Route Realigned,e70f6692-62fb-4009-b302-6280471279b7
52,Route 32: Broad-Carpenter to Ridge-Lyceum,32,None,Retain,Yes,Route Discontinued,Eliminate,No,83634.618794499474461,Service on Route 32 will be reduced by up to 20%. Peak headways will go from 12 to 15 minutes. ,Route 32 will be discontinued. Connections will be available between Roxborough and Center City via Route 9 and Route 27. Roxborough High School will be accessible from Route 9. Local service in Strawberry Mansion and Fairmount will be discontinued. Service on S. Broad St between City Hall and Broad St & Carpenter St will be made on Route 4 or the B1 [Broad Street Line Local].,Bus,Eliminated Routes and Segments,c473800c-a481-48dd-898a-33d224c44527
54,Route 37: Chester TC to Broad-Snyder,37,None,Retain,Yes,Service Reduction,Retain,Yes,156955.338230582565302,Service on Route 37 will be reduced by up to 20%. Peak headways will go from 15 to 20 minutes. Midday headways will go from 25 to 30 minutes.,Reduced service introduced in August 2025 will continue. ,Bus,Service Reduction,2767ffec-1559-4864-90f3-75c0ac52b54f
55,Route 38: 5th-Market to Wissahickon Transit Center,38,Alignment,Retain,Yes,Route Realigned,Retain,Yes,33480.825889598192589,"Route 38 will be realigned to operate through Mantua, operating on 34th and Market Sts, serving 30th St Station. Service through Fairmount and along the Benjamin Franklin Parkway will be discontinued. Service on Route 38 will be reduced by up to 20%. Midday headways will go from 20 to 30 minutes.",Reduced service introduced in August 2025 will continue. ,Bus,Route Realigned,e6d1f32e-0f86-4707-97b3-acc2e653201b
56,Route 39: Richmond-Cumberland to 33rd-Dauphin,39,None,Retain,Yes,Service Reduction,Retain,Yes,21021.426305777658854,Service on Route 39 will be reduced by up to 20%. Midday headways will go from 25 to 30 minutes.,Reduced service introduced in August 2025 will continue. ,Bus,Service Reduction,0b107e75-1b30-40d2-a061-44654d0fec8a
57,Route 4: Broad-Pattison to Fern Rock Transit Center,4,None,Retain,Yes,Service Reduction,Retain,Yes,42081.558221380029863,Service on Route 4 will be reduced by up to 20%. Peak headways will go from 15 to 20 minutes. Midday headways will go from 25 to 30 minutes.,Reduced service introduced in August 2025 will continue. ,Bus,Service Reduction,4915b030-109c-4a5a-b5c5-b7f50cc6ac7f
58,Route 40: 2nd-Lombard to Conshohocken-Monumnt,40,None,Retain,Yes,Service Reduction,Retain,Yes,61132.432201069321309,Service on Route 40 will be reduced by up to 20%. Peak headways will go from 10 to 12 minutes. Midday headways will go from 16 to 20 minutes.,Reduced service introduced in August 2025 will continue. ,Bus,Service Reduction,f027fec2-f0d5-42b4-a82b-ae9f654fc288
59,Route 41 (J): Chelten-Wissahickon to Richmond-Orthodox,41 (J),None,Retain,No,None,Retain,No,33484.106741757008422,No change.,No change.,Bus,None,3f1528f7-4330-4e68-afcb-3e4fc8b26ad2
60,Route 42: 2nd-Spruce to Wycombe or61stPine,42,None,Retain,Yes,Service Reduction,Retain,Yes,83446.558534067749861,Service on Route 42 will be reduced by up to 20%. Peak headways will go from 9 to 12 minutes. Midday headways will go from 11 to 15 minutes.,Reduced service introduced in August 2025 will continue. ,Bus,Service Reduction,38495913-f77f-4349-bb71-9c88a66a14cc
61,Route 43: Spring Garden Station to 50th-Parkside,43,Route Shortened,Eliminate,No,Route Shortened,Eliminate,No,7999.756862722670121,Route 43 will be shortened to operate between Parkside Loop and Spring Garden Station on the L [Market-Frankford Line]. Service on Delaware and Aramingo Avs will be discontinued. Customers can use Route 25 on Aramingo Av and the G [Route 15] to connect to the L [Market-Frankford Line]. Service on Route 43 will be reduced by up to 20%. Peak headways will go from 16 to 20 minutes.,Reduced service introduced in August 2025 will continue. ,Bus,Eliminated Routes and Segments,874000c3-6ede-4452-b894-8dcb7e30454e
62,Route 43: Spring Garden Station to 50th-Parkside,43,Route Shortened,Retain,No,Route Shortened,Retain,No,37500.635733410432294,Route 43 will be shortened to operate between Parkside Loop and Spring Garden Station on the L [Market-Frankford Line]. Service on Delaware and Aramingo Avs will be discontinued. Customers can use Route 25 on Aramingo Av and the G [Route 15] to connect to the L [Market-Frankford Line]. Service on Route 43 will be reduced by up to 20%. Peak headways will go from 16 to 20 minutes.,Reduced service introduced in August 2025 will continue. ,Bus,Route Shortened,bbad0304-140a-412a-907c-0b35abc17d5d
63,Route 44: Front-Market to Ardmore,44,None,Eliminate,Yes,Route Discontinued,Eliminate,No,23234.287455959471117,Route 44 service to Narberth and Gladwyne will be discontinued. No alternative service is available. Service on Route 44 will be reduced by up to 20%. Peak headways will go from 15 to 20 minutes. ,"Route 44 will be discontinued. From City Av, customers can take Route 65 to Wissahickon Transit Center or 69th Street Transit Center to access connections to Center City. From Ardmore, customer can take Route 105 to 69th Street Transit Center to connect to Center City. No alternative Regional Rail service will be available.",Bus,Eliminated Routes and Segments,8c9eb879-950f-4549-9e35-d9156e2986ee
64,Route 44: Front-Market to Ardmore,44,None,Retain,Yes,Route Discontinued,Eliminate,No,91141.522720618610037,Route 44 service to Narberth and Gladwyne will be discontinued. No alternative service is available. Service on Route 44 will be reduced by up to 20%. Peak headways will go from 15 to 20 minutes. ,"Route 44 will be discontinued. From City Av, customers can take Route 65 to Wissahickon Transit Center or 69th Street Transit Center to access connections to Center City. From Ardmore, customer can take Route 105 to 69th Street Transit Center to connect to Center City. No alternative Regional Rail service will be available. ",Bus,Eliminated Routes and Segments,a7bd9c25-66ed-4473-9b43-f706bd9bd115
65,Route 45: Broad & Oregon to Noble & 12th,45,None,Retain,Yes,Service Reduction,Retain,Yes,16119.081410725080787,Service on Route 45 will be reduced by up to 20%. Peak headways will go from 10 to 12 minutes. Midday headways will go from 12 to 15 minutes.,Reduced service introduced in August 2025 will continue. ,Bus,Service Reduction,2400ce11-5e69-4b8a-b333-766278c64f06
66,Route 46: 58th-Baltimore to 63rd-Malvern,46,None,Retain,Yes,Service Reduction,Retain,Yes,16336.029466091033100,Service on Route 46 will be reduced by up to 20%. Peak headways will go from 12 to 15 minutes. Midday headways will go from 15 to 20 minutes.,Reduced service introduced in August 2025 will continue. ,Bus,Service Reduction,ae76ee24-08b4-401a-8038-c05f6053dc52
67,Route 47: Whitman Plaza to 5th-Godfrey,47,None,Retain,Yes,Service Reduction,Retain,Yes,74032.585193847378832,Service on Route 47 will be reduced by up to 20%. Peak headways will go from 8 to 10 minutes. Midday headways will go from 10 to 15 minutes.,Reduced service introduced in August 2025 will continue. ,Bus,Service Reduction,9a1931c7-93de-4b04-8750-413b9e056e58
68,Route 48: Front-Market to 27th-Allegheny,48,None,Retain,Yes,Service Reduction,Retain,Yes,26034.383100999206363,Service on Route 48 will be reduced by up to 20%. Peak headways will go from 12 to 15 minutes.,Reduced service introduced in August 2025 will continue. ,Bus,Service Reduction,5e2f04df-7e62-43e1-bd74-d70654cf29f7
69,Route 49: 33rd-Dauphin to 29th-Snyder,49,None,Retain,Yes,Service Reduction,Retain,Yes,29783.713868153776275,Service on Route 49 will be reduced by up to 20%. Peak headways will go from 15 to 20 minutes. Midday headways will go from 22 to 30 minutes.,Reduced service introduced in August 2025 will continue. ,Bus,Service Reduction,c99f9d0d-e396-4e0b-8f28-2dd6c72ede0a
70,Route 5: Front-Girard to Frankford Transit Center,5,Route Shortened,Eliminate,No,Route Shortened,Eliminate,No,6425.748288431092988,"All Route 5 trips will end at Front St and Girard Av, with service on 2nd and 3rd Sts being discontinued. Customers can transfer to the L [Market-Frankford Line] to complete their trip or use Route 57 on 3rd and 4th Sts as a bus alternative. Service on Route 5 will be reduced by up to 20%. Midday headways will go from 25 to 30 minutes.",Reduced service introduced in August 2025 will continue. ,Bus,Eliminated Routes and Segments,a2a6db62-1ffd-4527-8779-710d4166e5f8
71,Route 5: Front-Girard to Frankford Transit Center,5,Route Shortened,Retain,No,Route Shortened,Retain,No,15815.262436484372301,"All Route 5 trips will end at Front St and Girard Av, with service on 2nd and 3rd Sts being discontinued. Customers can transfer to the L [Market-Frankford Line] to complete their trip or use Route 57 on 3rd and 4th Sts as a bus alternative. Service on Route 5 will be reduced by up to 20%. Midday headways will go from 25 to 30 minutes.",Reduced service introduced in August 2025 will continue. ,Bus,Route Shortened,722b326b-822e-4883-92c9-98da71f00117
72,Route 51 (L): ChestnutHill / Plymouth Meeting Mall to Olney Transit Center,51 (L),None,Retain,Yes,Service Reduction,Retain,Yes,84190.854685177255305,Service on Route 51 (L) will be reduced by up to 20%. Peak headways will go from 9 to 12 minutes. Midday headways will go from 15 to 20 minutes.,Reduced service introduced in August 2025 will continue. ,Bus,Service Reduction,69753d79-2356-4756-8630-0032fc2615f4
73,Route 52: 49th-Wdland to 54th-City / 50th-PrkSd,52,None,Eliminate,Yes,Service Reduction,Eliminate,Yes,23208.361977991335152,Route 52 trips to Gladwyne will be discontinued. No alternative service is available. Service on Route 52 will be reduced by up to 20%. Peak headways will go from 10 to 12 minutes. Midday headways will go from 10 to 15 minutes.,Reduced service introduced in August 2025 will continue. ,Bus,Eliminated Routes and Segments,a3f868f1-02cd-4c44-a51b-62173735b14a
74,Route 52: 49th-Wdland to 54th-City / 50th-PrkSd,52,None,Retain,Yes,Service Reduction,Retain,Yes,37342.499783949235280,Route 52 trips to Gladwyne will be discontinued. No alternative service is available. Service on Route 52 will be reduced by up to 20%. Peak headways will go from 10 to 12 minutes. Midday headways will go from 10 to 15 minutes.,Reduced service introduced in August 2025 will continue. ,Bus,Service Reduction,e58de79d-f9ef-43db-8694-406ec96f387d
76,Route 54: Richmond-Cambria to 33rd-Dauphin,54,None,Retain,Yes,Service Reduction,Retain,Yes,23283.259409750466148,Service on Route 54 will be reduced by up to 20%. Peak headways will go from 12 to 15 minutes. Midday headways will go from 18 to 25 minutes.,Reduced service introduced in August 2025 will continue. ,Bus,Service Reduction,4cdc1c08-e810-476a-95e9-473316cb4ec9
77,Route 55: Willow Grove & Doylestown to OTC,55,None,Retain,No,None,Retain,No,175931.493863506126218,No change.,No change.,Bus,None,041f3322-ca91-4acc-93ed-e66728a1af6b
78,Route 56: 23rd-Venango to Torresdale-Cottman,56,None,Retain,Yes,Service Reduction,Retain,Yes,61620.334849901140842,Service on Route 56 will be reduced by up to 20%. Peak headways will go from 10 to 12 minutes. Midday headways will go from 15 to 20 minutes.,Reduced service introduced in August 2025 will continue. ,Bus,Service Reduction,7045c25f-5abf-40db-b9a5-3a45c73ed30f
79,Route 57: Whitman Plaza to RisingSun-Olney&FTC,57,None,Retain,Yes,Service Reduction,Retain,Yes,124189.554082008835394,Service on Route 57 will be reduced by up to 20%. Peak headways will go from 10 to 12 minutes. Midday headways will go from 12 to 15 minutes.,Reduced service introduced in August 2025 will continue. ,Bus,Service Reduction,b20ae58c-78af-433e-a1ec-93b1d5f1bb16
80,Route 58: Neshaminy Mall & Somerton to FTC,58,None,Retain,Yes,Service Reduction,Retain,Yes,126141.558135440733167,Service on Route 58 will be reduced by up to 20%. Peak headways will go from 12 to 14 minutes. Midday headways will go from 15 to 18 minutes.,Reduced service introduced in August 2025 will continue. ,Bus,Service Reduction,af934c86-f0bf-4aea-b303-088d1d5dad95
81,Route 59: Castor-Bustleton to Arrott TC,59,None,Retain,Yes,Service Reduction,Retain,Yes,16975.806739711995760,Service on Route 59 will be reduced by up to 20%. Peak headways will go from 12 to 15 minutes. Midday headways will go from 20 to 30 minutes.,Reduced service introduced in August 2025 will continue. ,Bus,Service Reduction,59b89fc8-6245-4c40-8b20-392846a5fe5d
82,Route 6: Cheltenham-Ogontz to Olney Transit Center,6,None,Retain,Yes,Service Reduction,Retain,Yes,13032.572697915158642,Service on Route 6 will be reduced by up to 20%. Peak headways will go from 12 to 15 minutes. Midday headways will go from 15 to 20 minutes.,Reduced service introduced in August 2025 will continue. ,Bus,Service Reduction,5380009a-33aa-4191-91ff-f7c56a9dad96
83,Route 60: 35th-Allegheny to Richmond-Westmoreland Loop,60,None,Eliminate,Yes,Service Reduction,Eliminate,Yes,7081.917305618938371,Route 60 trips serving Delaware Av will be discontinued. Service on Route 60 will be reduced by up to 20%. Peak headways will go from 10 to 12 minutes. Midday headways will go from 15 to 20 minutes.,Reduced service introduced in August 2025 will continue. ,Bus,Eliminated Routes and Segments,503e28e7-ceb1-4482-9959-842cfbe8ce29
84,Route 60: 35th-Allegheny to Richmond-Westmoreland Loop,60,None,Retain,Yes,Service Reduction,Retain,Yes,49623.998324199128547,Route 60 trips serving Delaware Av will be discontinued. Service on Route 60 will be reduced by up to 20%. Peak headways will go from 10 to 12 minutes. Midday headways will go from 15 to 20 minutes.,Reduced service introduced in August 2025 will continue. ,Bus,Service Reduction,879c6682-a306-4935-be68-bc6a4c86f735
85,Route 61: Wissahickon Transit Center to Manayunk,61,Route Shortened,Eliminate,No,Route Shortened,Eliminate,No,5798.803287625048142,Route 61 will be shortened to operate between Center City and Wissahickon Transit Center. Bus service on Main St will be discontinued. Manayunk and Ivy Ridge Stations on the Manayunk/Norristown Line serve the corridor. Service on Route 61 will be reduced by up to 20%. Peak headways will also be reduced from 10 to 12 minutes. Midday headways will go from 25 to 30 minutes.,Reduced service introduced in August 2025 will continue. ,Bus,Eliminated Routes and Segments,cc72b3e8-4416-4e68-bfe2-e5ab080e4be6
86,Route 61: Wissahickon Transit Center to Manayunk,61,Route Shortened,Retain,No,Route Shortened,Retain,No,32201.341317652855651,Route 61 will be shortened to operate between Center City and Wissahickon Transit Center. Bus service on Main St will be discontinued. Manayunk and Ivy Ridge Stations on the Manayunk/Norristown Line serve the corridor. Service on Route 61 will be reduced by up to 20%. Peak headways will also be reduced from 10 to 12 minutes. Midday headways will go from 25 to 30 minutes.,Reduced service introduced in August 2025 will continue. ,Bus,Route Shortened,74c0736d-969b-461d-a335-4595182c2bd5
87,Route 63 (G): Overbrook to Parker Ave,63 (G),Alignment,Eliminate,Yes,Service Reduction,Eliminate,Yes,3475.592529803318030,Route 63 (G) trips serving Essington Av will be discontinued and service reduced by up to 20%. Peak headways will go from 8 to 10 minutes. Midday headways will go from 12 to 15 minutes.,Reduced service introduced in August 2025 will continue. ,Bus,Eliminated Routes and Segments,bece6455-c073-4125-897f-0d3992b33b4e
88,Route 63 (G): Overbrook to Parker Ave,63 (G),Alignment,Retain,Yes,Service Reduction,Retain,Yes,168822.107985822658520,Route 63 (G) trips serving Essington Av will be discontinued and service reduced by up to 20%. Peak headways will go from 8 to 10 minutes. Midday headways will go from 12 to 15 minutes.,Reduced service introduced in August 2025 will continue. ,Bus,Service Reduction,218a8ed3-c6ee-463f-8a5d-52c4f580b84f
89,Route 64: 50th-Parkside to Pier 70,64,Alignment,Retain,Yes,Route Realigned,Retain,Yes,39055.805069597707188,Route 64 will be realigned along Grays Ferry Av in Grays Ferry. Service on Route 64 will be reduced by up to 20%. Peak headways will go from 12 to 15 minutes. Midday headways will go from 20 to 30 minutes.,Reduced service introduced in August 2025 will continue. ,Bus,Route Realigned,b1d7b026-57d6-4ffa-9e2d-8237c17ffde1
90,Route 65: Germantown-Chelten to 69th St TC,65,None,Retain,Yes,Service Reduction,Retain,Yes,48481.825933357446047,Service on Route 65 will be reduced by up to 20%. Peak headways will go from 10 to 12 minutes. Midday headways will go from 18 to 25 minutes.,Reduced service introduced in August 2025 will continue. ,Bus,Service Reduction,74239628-988a-46cc-82f3-055f6f9b345f
91,Route 66: Frankfd Transit Center to Frankford-Knights,66,None,Retain,Yes,Service Reduction,Retain,Yes,33330.058794594515348,Service on Route 66 will be reduced by up to 20%. Peak headways will go from 6 to 8 minutes. Midday headways will go from 10 to 15 minutes.,Reduced service introduced in August 2025 will continue. ,Bus,Service Reduction,ea23936c-8406-46d5-9355-db0758b51adb
92,Route 67: Philadelphia Mills & Bustleton to Frankford Transit Center,67,None,Retain,Yes,Service Reduction,Retain,Yes,199787.904648060444742,Service on Route 67 will be reduced by up to 20%. Peak headways will go from 12 to 15 minutes. ,Reduced service introduced in August 2025 will continue. ,Bus,Service Reduction,756b9f74-db05-4572-b6a9-687ef12620a2
93,Route 68: Broad-Oregon to UPS & 69th St TC,68,None,Retain,No,None,Retain,No,184027.015611448237905,No change.,No change.,Bus,None,3efa622c-0c9e-4f21-8563-6b4d88321df1
94,Route 7: 20th-Johnston to 33rd-Dauphin,7,Route Shortened,Eliminate,No,Route Shortened,Eliminate,No,15079.728562159974899,All Route 7 trips will end at 20th and Johnston Sts. Route 63 (G) provides service along Oregon Av. Customers traveling via Route 7 to Pier 70 can transfer to Route 64 at Washington Av or Route 29 at Morris St to complete their trips. Service on Route 7 will be reduced by up to 20%. Peak headways will go from 15 to 20 minutes. Midday headways will go from 25 to 30 minutes.,Reduced service introduced in August 2025 will continue. ,Bus,Eliminated Routes and Segments,1fe61dbc-726c-4cf9-9d1f-064a93701a4c
95,Route 7: 20th-Johnston to 33rd-Dauphin,7,Route Shortened,Retain,No,Route Shortened,Retain,No,29928.053815297345864,All Route 7 trips will end at 20th and Johnston Sts. Route 63 (G) provides service along Oregon Av. Customers traveling via Route 7 to Pier 70 can transfer to Route 64 at Washington Av or Route 29 at Morris St to complete their trips. Service on Route 7 will be reduced by up to 20%. Peak headways will go from 15 to 20 minutes. Midday headways will go from 25 to 30 minutes.,Reduced service introduced in August 2025 will continue. ,Bus,Route Shortened,c00ed0a8-581a-46a3-b84f-b9b788b5ba0c
96,Route 70: Fkd-Gregg / Torr-Cottmn to FRTC,70,None,Retain,Yes,Service Reduction,Retain,Yes,103159.137590962476679,Service on Route 70 will be reduced by up to 20%. Peak headways will go from 10 to 12 minutes. Midday headways will go from 15 to 20 minutes.,Reduced service introduced in August 2025 will continue. ,Bus,Service Reduction,410c1041-8ca9-4d8f-9341-bb344348c254
97,Route 71 (H): Broad-Erie to Cheltenham-Ogontz,71 (H),None,Retain,Yes,Service Reduction,Retain,Yes,43523.975715300097363,Service on Route 71 (H) will be reduced by up to 20%. Peak headways will go from 12 to 15 minutes. Midday headways will go from 20 to 30 minutes.,Reduced service introduced in August 2025 will continue. ,Bus,Service Reduction,f8c6d69b-a21d-4d3f-bdbe-51c23f183be4
98,Route 75: Wayne Junction to Arrott Trans Ctr,75,None,Retain,No,None,Retain,No,19241.350359166284761,No change.,No change.,Bus,None,fe2b16e6-f721-4524-a324-5461fca4387a
99,Route 77: Roosevelt-St Vincent to ChestntHill,77,None,Retain,No,Route Discontinued,Eliminate,No,50381.774269107176224,No change.,Route 77 will be discontinued. Route 70 will provide alternative service on Cottman Avenue. Route 22 will provide alternative service on Easton Road in Cedarbrook and Wyncote. There will be not alternative service in Wyncote. ,Bus,Eliminated Routes and Segments,2226ac30-7910-4ddc-978e-cf7ed25f68be
100,Route 79: Columbus Commons to 29th-Snyder,79,None,Retain,Yes,Service Reduction,Retain,Yes,16190.298091031834701,Service on Route 79 will be reduced by up to 20%. Peak headways will go from 10 to 12 minutes. Midday headways will go from 15 to 20 minutes.,Reduced service introduced in August 2025 will continue. ,Bus,Service Reduction,f5324c51-b77a-4f5b-8696-d7194cb68031
101,Route 81 (XH): Broad-Erie to Cheltenham-Ogontz,81 (XH),None,Retain,Yes,Service Reduction,Retain,Yes,44134.041314524285553,Service on Route 81 (XH) will be reduced by up to 20%. Peak headways will go from 12 to 15 minutes. Midday headways will go from 20 to 30 minutes.,Reduced service introduced in August 2025 will continue. ,Bus,Service Reduction,f5cf2605-54b6-41fd-99da-e6f6d9cde029
102,Route 82 (R): Henry-Mid or Wissahickon Transit Center to Frankford Transit Center,82 (R),None,Retain,Yes,Service Reduction,Retain,Yes,76667.521354097538278,Service on Route 82 (R) will be reduced by up to 20%. Peak headways will go from 10 to 12 minutes. Midday headways will go from 15 to 20 minutes.,Reduced service introduced in August 2025 will continue. ,Bus,Service Reduction,1c7cf7c2-c7ab-4e36-9991-b6618d58ab66
103,Route 84: Philadelphia Mills to Frankford Transit Center,84,Route Shortened,Eliminate,No,Route Shortened,Eliminate,No,21147.177703806191857,"Route 84 will be shortened and all service will end at Philadelphia Mills. There will be no service along Byberry or Southampton Rds, but Route 14 provides service to the Community College of Philadelphia's Northeast Campus and other routes provide connecting service to Frankford Transit Center.",Reduced service introduced in August 2025 will continue. ,Bus,Eliminated Routes and Segments,5660d541-d584-471c-9ef0-0afb73b48e2f
104,Route 84: Philadelphia Mills to Frankford Transit Center,84,Route Shortened,Retain,No,Route Shortened,Retain,No,119786.381274436644162,"Route 84 will be shortened and all service will end at Philadelphia Mills. There will be no service along Byberry or Southampton Rds, but Route 14 provides service to the Community College of Philadelphia's Northeast Campus and other routes provide connecting service to Frankford Transit Center. ",Reduced service introduced in August 2025 will continue. ,Bus,Route Shortened,f5c7c8ac-7560-4323-b625-61c44d34d5fd
105,Route 9: 30th St Station to Andorra,9,Route Shortened,Eliminate,No,Route Shortened,Eliminate,No,8947.330995526113838,"Route 9 will be shortened to operate between Ridge Av and Cathedral Rd and 30th St Station. Service on Chestnut and Walnut Sts will be discontinued. For trips into Center City, customers can transfer to the L [Market-Frankford Line], any trolley line, or bus routes 21, 38, or 42 to complete their trip. Service on Route 9 will be reduced up to 20%. Peak headways will go from 15 to 20 minutes.",Reduced service introduced in August 2025 will continue. ,Bus,Eliminated Routes and Segments,dcaf5146-e7db-4d9c-b7ad-636d29283de2
107,Route 90: Plymouth Mtng. to Norristown TC,90,None,Retain,No,Route Discontinued,Eliminate,No,54924.514830247142527,No change.,"Route 90 will be discontinued. Route 98 will provide alternative service between Plymouth Meeting Mall and Norristown Transit Center via Germantown Av and Powell St. There will be no alternative service along Markley St, to the Norristown Farm Park, or to Einstein Medical Center.",Bus,Eliminated Routes and Segments,51d08188-cfb1-4987-86b7-6143bf69b47d
108,Route 92: Exton to King of Prussia,92,None,Retain,No,Route Discontinued,Eliminate,No,97594.641725775800296,No change.,Route 92 will be discontinued. Route 124 will provide alternative service between King of Prussia Mall and Chesterbrook Corporate Center via Swedesford Rd. No alternative service is available south of Chesterbrook. ,Bus,Eliminated Routes and Segments,75ac5fbf-fe88-448a-a480-8ad8efa92610
109,Route 93: Pottstown to Norristown Transit Center,93,None,Retain,Yes,Service Reduction,Retain,Yes,197734.838548091647681,Service on Route 93 will be reduced by up to 20%. Peak headways will go from 30 to 40 minutes. ,Reduced service introduced in August 2025 will continue. ,Bus,Service Reduction,49064f27-4f1f-49e6-8c16-0bc1932c7e08
110,Route 94: Montgomery Mall to Chestnut Hill,94,None,Retain,No,None,Retain,No,95087.193154081382090,No change.,No change.,Bus,None,08814a94-bf63-4ff4-b00a-bfd6d1d426c2
111,Route 95: Gulph Mills to Willow Grove Mall,95,None,Retain,No,Route Discontinued,Eliminate,No,104876.840914865053492,No change.,Route 95 will be discontinued. Route 97 will provide alternative service in Conshohocken along Fayette St. No alternative service is available in the Renaissance Industrial Park or between Plymouth Meeting Mall and Willow Grove Mall.,Bus,Eliminated Routes and Segments,1378caed-5953-4882-8bcd-6ccf0081e9e0
112,Route 96: Lansdale to Norristown Transit Center,96,None,Retain,Yes,Service Reduction,Retain,Yes,65922.283660363711533,Service on Route 96 will be reduced by up to 20%. Peak headways will go from 30 to 40 minutes. ,Reduced service introduced in August 2025 will continue. ,Bus,Service Reduction,24ac5087-03fb-465c-a5f3-1ef11cf68db7
113,Route 97: Chestnut Hill to Norristown TC,97,None,Retain,No,None,Retain,No,70547.566187985663419,No change.,No change.,Bus,None,3ec48582-8c1d-48f5-8fe3-d6d64eb3b9cf
114,Route 98: Plymouth Meeting to Norristown Transit Center,98,Alignment,Retain,Yes,Service Reduction,Retain,Yes,20680.177474279753369,"Route 98 will be shortened, and all service will end at Plymouth Meeting Mall and service will be reduced by up to 20%. Service in Blue Bell will be discontinued. Peak headways will go from 30 to 40 minutes.",Reduced service introduced in August 2025 will continue. ,Bus,Service Reduction,d9bfe9b7-63ba-4a65-bc47-2c5d525dbe8e
115,Route 99: Phoenixville to Norristown Transit Center,99,None,Retain,Yes,Service Reduction,Retain,Yes,142089.823391457815887,Service on Route 99 will be reduced by up to 20%. Peak headways will go from 30 to 40 minutes. Midday headways will go from 30 to 40 minutes.,Reduced service introduced in August 2025 will continue. ,Bus,Service Reduction,9cea286f-8d2c-4d51-ad03-bc9f44ceca6e
116,Route BSO: Midnight-5am Service (Bus) for Broad Street Line,BSO,None,Retain,Yes,Route Discontinued,Eliminate,No,78081.844565944396891,Overnight headways on the B OWL [BSO] will be reduced  from 15 to 30 minutes. ,B OWL [BSO] will be discontinued.,Bus,Eliminated Routes and Segments,bf2e7154-9cc4-4800-a6bf-fea1c083bdbe
117,Route K: Ridge-Midvale to Arrott TC,K,None,Retain,Yes,Service Reduction,Retain,Yes,51326.899834870724590,Service on Route K will be reduced by up to 20%. Peak headways will go from 10 to 12 minutes.,Reduced service introduced in August 2025 will continue. ,Bus,Service Reduction,26277547-61df-408c-9a08-7c2f567c5d42
118,LUCY Gold Loop through University City,LUCYGO,None,Retain,No,None,Retain,No,8621.682438835530775,No change.,No change.,Bus,None,b1166805-828b-452e-93ca-c58a426fe33f
119,LUCY Green Loop through University City,LUCYGR,None,Retain,No,None,Retain,No,7809.592229753537140,No change.,No change.,Bus,None,4a571fd1-83d1-46c9-a9dd-97c624a57f8f
120,Route MFO: Midnight-5am Service (Bus) for Market-Frankford Line,MFO,None,Retain,Yes,Route Discontinued,Eliminate,No,54275.975929861415352,Overnight headways on the L OWL [MFO] will be reduced from 15 to 30 minutes. ,L OWL [MFO] will be discontinued.,Bus,Eliminated Routes and Segments,34dfd9a3-9bdf-4058-8140-3dc5450c1b62
121,Airport Line,AIR,None,Retain,Yes,Major Service Reduction,Retain,Yes,38324.955291731959733,"Weekday and weekend service will be reduced from 30 minutes to hourly on the Airport Line. Routes 37, 108, and 115 will continue to provide service to the airport and Eastwick.",No Regional Rail service after 9PM. Reduced weekday and weekend service introduced in August 2025 will continue on the Airport Line.,Regional Rail,Major Service Reduction,534defa3-a6ad-4633-a27d-893b26984032
122,Route B1: Broad Street Line Local,B1 (Broad Street Line Local),None,Retain,Yes,Major Service Reduction,Retain,Yes,37282.119465969612065,Service on the B1 [Broad Street Line Local] will be reduced by up to 20%. Peak headways will go from 7 to 8 minutes. Midday headways will go from 7 to 9 minutes.,No Metro service after 9PM on B1 [Broad Street Line Local]. Routes 4 and 16 will provide bus service after 9PM.,Metro,Major Service Reduction,1c0a6961-5d7e-41d5-8121-9b13e983920a
123,Route B2: Broad Street Line Express,B2 (Broad Street Line Express),None,Retain,Yes,Major Service Reduction,Retain,Yes,25644.373449063346925,Service on the B2 [Broad Street Express] will be reduced by up to 20%. Peak headways will go from 7 to 8 minutes.,No Metro service after 9PM on B2 [Broad Street Express]. Routes 4 and 16 will provide bus service after 9PM.,Metro,Major Service Reduction,62a4848d-0b6e-4bb5-86a2-7c4be5493192
124,Route B3: Broad-Ridge Spur,B3 (Broad-Ridge Spur),None,Retain,Yes,Major Service Reduction,Eliminate,No,22983.019101127603790,Service on the B3 [Broad-Ridge Spur] will be reduced by up to 20%. Peak headways will go from 7 to 8 minutes. Midday headways will go from 14 to 18 minutes.,B3 [Broad-Ridge Spur] will be discontinued. B1 [Broad Street Line Local] will provide local service on the B Line before 9PM. Routes 4 and 16 will provide bus service after 9PM.,Metro,Eliminated Routes and Segments,d9173408-0480-4fa7-979b-f72c0b08d927
125,Chestnut Hill East Line,CHE,None,Retain,Yes,Major Service Reduction,Retain,Yes,61834.700623616961821,Weekday midday and evening service will be reduced from hourly to operating every two hours on the Chestnut Hill East Line. ,No Regional Rail service after 9PM. Reduced weekday service introduced in August 2025 will continue on the Chestnut Hill East Line.,Regional Rail,Major Service Reduction,797aad55-542c-4792-9aff-35e3401f430e
126,Chestnut Hill West Line,CHW,None,Retain,Yes,Route Discontinued,Eliminate,No,75351.327856777366833,Weekday midday service will be reduced from hourly to operating every two hours on the Chestnut Hill West Line. Some peak service will be eliminated. ,All service will be eliminated on the Chestnut Hill West Line. The Chestnut Hill West Line and Route 23 will provide service into Center City. Routes 71 (H) and 81 (XH) will provide connecting service to the B (BSL).,Regional Rail,Eliminated Routes and Segments,6833cecb-3e44-47ef-96ec-3ec0219efdbd
127,Cynwyd Line,CYN,None,Retain,Yes,Route Discontinued,Eliminate,No,22327.790128777454811,Weekday service will be reduced by up to 50% on the Cynwyd Line. Routes 44 and 65 provide alternative bus service on City Av and Route 40 provides alternative service on Wynnefield Av.,"All service will be eliminated on the Cynwyd Line. Route 65 will provide connecting service to 69th Street Transti Center. Routes T1 (10), 38, and 40 will provide service into Center City.",Regional Rail,Eliminated Routes and Segments,650a09e5-2555-4208-b4a2-9c2070d53c71
128,Route D1 (101): Media to 69th St Transit Center,D1 (101),None,Retain,Yes,Major Service Reduction,Retain,Yes,30539.825449645384651,Service on D1 [Route 101] will be reduced by up to 20%. Peak headways will go from 20 to 25 minutes. ,No Metro service after 9PM on D1 [Route 101]. Route 110 will continue to provide bus service after 9PM.,Metro,Major Service Reduction,6fe865fc-f32d-42fa-9265-5e3058b1aa9f
129,Route D2 (102): Sharon Hill to 69th St Transit Center,D2 (102),None,Retain,Yes,Major Service Reduction,Retain,Yes,17281.666704851988470,Service on D2 [Route 102] will be reduced by up to 20%. Peak headways will go from 20 to 25 minutes. ,No Metro service after 9PM on D2 [Route 102].,Metro,Major Service Reduction,896e0f7b-e9ce-4103-a839-3e9e74d16aaf
130,Fox Chase Line,FOX,None,Retain,Yes,Major Service Reduction,Retain,Yes,64996.440065255388618,Weekday midday service will be reduced from hourly to operating every two hours on the Fox Chase Line. Some peak service will be eliminated. ,No Regional Rail service after 9PM. Reduced weekday service introduced in August 2025 will continue on the Fox Chase Line.,Regional Rail,Major Service Reduction,54867628-99b6-4ca5-8a95-099ea68ebe5f
131,Route G (15): 63rd-Girard to Richmond-Westmoreland,G (15),None,Retain,Yes,Bus Conversion,Retain,No,40226.605530029570218,Service on G1 [Route 15] will be reduced by up to 20%. Peak headways will go from 8 to 10 minutes.,G1 [15] will operate as a bus only.,Metro,Bus Conversion,930392df-777e-4d08-802d-8d0c842430b7
132,Route L: Market-Frankford Line,L (Market-Frankford Line),None,Retain,Yes,Major Service Reduction,Retain,Yes,49015.802397452323930,Service on the L [Market-Frankford Line] will be reduced by up to 20%. Peak headways will go from 6 to 8 minutes. Midday headways will go from 6 to 8 minutes.,"No Metro service after 9PM on the L [Market-Frankford Line]. Routes 21 and 42 will provide alternative service in West Philadelphia and Center City, Routes 17, 33, 38, and 48 will provide alternative service in Center City. Route 25 will provide a local connection between Penns Landing and Frankford Transit Center after 9PM.",Metro,Major Service Reduction,406a0d47-b6ce-40bf-bb36-90d8630a3e79
133,Lansdale / Doylestown Line,LAN,None,Retain,Yes,Major Service Reduction,Retain,Yes,446711.193260221160017,Weekday midday service will be reduced from hourly to operating every two hours on the Lansdale/Doylestown Line. Some peak and evening service will be eliminated. Weekend service will be reduced from hourly to every two hours.,No Regional Rail service after 9PM. Reduced weekday and weekend service introduced in August 2025 will continue on the Lansdale/Doylestown Line. ,Regional Rail,Major Service Reduction,311ef088-9eef-4736-a9f9-bd19c4914bee
134,Route M: Norristown High Speed Line,M,None,Retain,No,Major Service Reduction,Retain,Yes,48544.772347270882165,No change.,No Metro service after 9PM on M [NHSL]. ,Metro,Major Service Reduction,5148145d-07c8-475f-aefe-c624daa556d8
135,Media / Wawa Line,MED,None,Retain,Yes,Major Service Reduction,Retain,Yes,171075.118977701902622,Midday service will be reduced from hourly to operating every two hours on the Media/Wawa Line. Some peak and evening service will be eliminated. Weekend service will be reduced from hourly to every two hours.,No Regional Rail service after 9PM. Reduced weekday and weekend service introduced in August 2025 will continue on the Media/Wawa Line. ,Regional Rail,Major Service Reduction,073de6ee-02d8-4f68-9f3e-464804613fbb
136,Manayunk / Norristown Line,NOR,None,Retain,Yes,Major Service Reduction,Retain,Yes,182181.782293632597430,Midday service will be reduced from hourly to operating every two hours  on the Manayunk/Norristown Line. Some peak and evening service will be eliminated. Weekend service will be reduced from hourly to every two hours.,No Regional Rail service after 9PM. Reduced weekday and weekend service introduced in August 2025 will continue on the Manayunk/Norristown Line.,Regional Rail,Major Service Reduction,3adc8f49-dc85-4a98-a72d-62db4c8b3777
137,Paoli / Thorndale Line,PAO,None,Retain,Yes,Route Discontinued,Eliminate,No,296305.496353908209130,Weekday service will be reduced to 30 minute peak and 60 minute off peak service on the Paoli/Thorndale Line. Weekend service will be reduced to every two hours.,All service will be eliminated on the Paoli/Thorndale Line. Route 105 and the M (NHSL) will provide some alternative service to some customers.,Regional Rail,Eliminated Routes and Segments,0a3933eb-c3b3-4f63-bcc3-bb1ff5b47399
138,Route T1 (10): 13th-Market to 63rd-Malvern,T1 (10),None,Retain,Yes,Bus Conversion,Retain,No,22838.567306251352420,Service on T1 [Route 10] will be reduced by up to 20%. Peak headways will go from 8 to 9 minutes. Midday headways will go from 10 to 12 minutes.,T1 [10] will be converted from a trolley to a bus.,Metro,Bus Conversion,3a674a65-a616-45b4-8943-8e567600ca4a
139,Route T2 (34): 13th-Market to 61st-Baltimore,T2 (34),None,Retain,Yes,Major Service Reduction,Retain,Yes,17539.593283560447162,Service on T2 [Route 34] will be reduced by up to 20%. Peak headways will go from 6 to 8 minutes. Midday headways will go from 10 to 15 minutes.,No Metro service after 9PM on T2 [34].,Metro,Major Service Reduction,d8baf1c3-941c-4e35-8934-10c8f47e3bc0
140,Route T3 (13): 13th-Market to Yeadon-Darby Transit Center,T3 (13),None,Retain,Yes,Major Service Reduction,Retain,Yes,21361.227880602898949,Service on T3 [Route 13] will be reduced by up to 20%. Peak headways will go from 5 to 6 minutes. Midday headways will go from 10 to 15 minutes.,No Metro service after 9PM on T3 [13]. ,Metro,Major Service Reduction,985b6222-7ab1-4fec-975d-5aab1e402d43
141,Route T4 (11): 13th-Market to Darby Trans Cntr,T4 (11),None,Retain,Yes,Major Service Reduction,Retain,Yes,25665.261856098386488,Service on T4 [Route 11] will be reduced by up to 20%. Midday headways will go from 10 to 12 minutes.,No Metro service after 9PM on T4 [11].,Metro,Major Service Reduction,318a29fe-a9f6-43ba-9d5d-574c4d5a8f33
142,Route T5 (36): 13th-Market to 80th-Eastwick,T5 (36),None,Retain,Yes,Major Service Reduction,Retain,Yes,25752.654269383343490,Service on T5 [Route 36] will be reduced by up to 20%. Peak headways will go from 5 to 6 minutes.,No Metro service after 9PM on T5 [36].,Metro,Major Service Reduction,075204c7-b043-4af1-95b0-38b29e536869
143,Trenton Line,TRE,None,Retain,Yes,Route Discontinued,Eliminate,No,277695.128664065676276,Midday service will be reduced from hourly to operating every two hours on the Trenton Line. Some peak and evening service will be eliminated. Weekend service will be reduced from hourly to every two hours.,All service will be eliminated on the Trenton Line. Route 66 will provide connecting service to the L (MFL) for some customers. Route 129 will provide some service in Bucks County. The West Trenton Line will provie a Regional Rail alternative until 9PM.,Regional Rail,Eliminated Routes and Segments,a3779281-4b0b-4f8e-af16-8b62db68100b
144,Warminster Line,WAR,None,Retain,Yes,Major Service Reduction,Retain,Yes,190239.431186021072790,Midday service will be reduced from hourly to operating every two hours on the Warminster Line. Some peak and evening service will be eliminated. Weekend service will be reduced from hourly to every two hours.,No Regional Rail service after 9PM. Reduced weekday and weekend service introduced in August 2025 will continue on the Warminster Line.,Regional Rail,Major Service Reduction,baf374b0-05b5-4a7d-9a31-332f2c0d653e
145,Wilmington / Newark Line,WIL,None,Retain,Yes,Route Discontinued,Eliminate,No,377579.714993991772644,Midday service will be reduced from hourly to operating every two hours on the Wilmington/Newark Line. Some peak and evening service will be eliminated. One weekend trip will be eliminated.,"All service will be eliminated on the Wilmington/Newark Line will be discontinued. Routes 109 and 113 will operate between Chester Transit Center and 69th Street Transit Center, connecting some customers to 69th Street Transit Center. The Media Wawa line will provide a Regional Rail alternative until 9 PM.",Regional Rail,Eliminated Routes and Segments,96e3efe5-8713-4a79-841a-581b72e65337
146,West Trenton Line,WTR,None,Retain,Yes,Major Service Reduction,Retain,Yes,212497.873214458668372,Midday service will be reduced from hourly to operating every two hours on the West Trenton Line. Some evening service will be eliminated. One weekend trip will be eliminated.,No Regional Rail service after 9PM. Reduced weekday and weekend service introduced in August 2025 will continue on the West Trenton Line.,Regional Rail,Major Service Reduction,31bbf25f-91f5-438f-a23f-4eeb507e32b3
147,Route 1: Parx Casino to 54th-City,1,Route Discontinued,Eliminate,No,Route Discontinued,Eliminate,No,291133.144294180616271,Route 1 will be discontinued. Route 14 provides service along Roosevelt Blvd. Route 82 (R) provides service along Hunting Park Av and Route 65 provides service on City Av. Route 20 provides service between Frankford Transit Center and Parx Casino. ,Service elimination introduced in August 2025 will continue. ,Bus,Eliminated Routes and Segments,c03f3fd5-daf0-45f7-99e7-1f921598893d
148,Route 106: Paoli to 69th St TC,106,Route Discontinued,Eliminate,No,Route Discontinued,Eliminate,No,62691.283660290653643,Route 106 will be discontinued. A new Route 105  will provide service on much of this alignment from 69th St Transit Center to Paoli via Lancaster Av. Service along Argyle Rd will be discontinued.,Service elimination introduced in August 2025 will continue. ,Bus,Eliminated Routes and Segments,e565046a-92d9-4bf9-933f-bead320d8873
149,Route 12: Columbus-Dock to 50th-Woodland,12,Route Discontinued,Eliminate,No,Route Discontinued,Eliminate,No,19276.274149497974577,"Route 12 will be discontinued. Route 64 provides service along Grays Ferry Av. Customers traveling to Center City should use Route 7 to connect to  east/west routes such as Routes 21, 40, or 42. ",Service elimination introduced in August 2025 will continue. ,Bus,Eliminated Routes and Segments,bac97085-b870-4363-987b-cebd80b521dd
150,Route 120: Cheyney U to 69th St TC,120,Route Discontinued,Eliminate,No,Route Discontinued,Eliminate,No,107724.470419044635491,Route 120 will be discontinued. Routes 104 and 112 provide service on West Chester Pike. Passengers traveling to Cheyney University can use Routes 109 or 113 to connect to Route 119 at Chester Transit Center. ,Service elimination introduced in August 2025 will continue. ,Bus,Eliminated Routes and Segments,5283daf9-b5da-48ce-b573-cbe92e27a6b4
151,Route 126: Lawrence Park via Manoa to 69th,126,Route Discontinued,Eliminate,No,Route Discontinued,Eliminate,No,53238.123350145571749,Route 126 will be discontinued. Routes 104 and 112 provide service on West Chester Pike. Route 107 provides service between 69th St Transit Center and Lawrence Park Shopping Center via a different alignment. ,Service elimination introduced in August 2025 will continue. ,Bus,Eliminated Routes and Segments,19099ed6-27c4-4a1e-ae98-b68794117fda
152,Route 133: Frankford & Knights to Bensalem,133,Route Discontinued,Eliminate,No,Route Discontinued,Eliminate,No,21324.073589614010416,Route 133 will be discontinued. Routes 129 and 130 will provide service along segments of Bristol Pike. There will be no bus service on State Rd.,Service elimination introduced in August 2025 will continue. ,Bus,Eliminated Routes and Segments,c5ca9abf-e0cc-4601-ae6a-e76f120bfd2a
153,Route 150: Parx Casino to Plymouth Meeting,150,Route Discontinued,Eliminate,No,Route Discontinued,Eliminate,No,92669.970114293610095,Route 150 will be discontinued. No alternative services are available. ,Service elimination introduced in August 2025 will continue. ,Bus,Eliminated Routes and Segments,e2fe06de-04ab-4d36-8ac6-bd59d5121b68
154,Route 19: Torresdale Station to FTC,19,Route Discontinued,Eliminate,No,Route Discontinued,Eliminate,No,76626.636785422801040,"Route 19 will be discontinued. There will be no bus service on Grant Av, Outlook Rd, or Ashton Rd. Several routes will provide connecting service to Frankford Transit Center. This includes Route 66 on Frankford Av, Route 14 on Roosevelt Blvd, and Route 58 on Bustleton Av.",Service elimination introduced in August 2025 will continue. ,Bus,Eliminated Routes and Segments,54be4e64-9fe4-4fc4-a3f0-11e6cc027d71
155,Route 201: Ft Wash Office Ctr to Fort Wash Sta,201,Route Discontinued,Eliminate,No,Route Discontinued,Eliminate,No,11301.176516268391424,Route 201 will be discontinued. No alternative services are available. ,Service elimination introduced in August 2025 will continue. ,Bus,Eliminated Routes and Segments,7f3af814-93bc-4971-8be1-d99d7ae260fb
156,Route 204: Eagleview to Paoli Train Station,204,Route Discontinued,Eliminate,No,Route Discontinued,Eliminate,No,117092.834729134046938,Route 204 will be discontinued. Service on Lancaster Av between Paoli Station and Exton Square Mall will be discontinued.,Service elimination introduced in August 2025 will continue. ,Bus,Eliminated Routes and Segments,d0c69b76-c93b-4bb2-b64f-0ed7fe5b7b5d
157,Route 206: Commons at Great Vly to Paoli Sta,206,Route Discontinued,Eliminate,No,Route Discontinued,Eliminate,No,28146.036582630898920,Route 206 will be discontinued. No alternative services are available. ,Service elimination introduced in August 2025 will continue. ,Bus,Eliminated Routes and Segments,2aff3398-7855-4864-9d5a-d17f301e65c5
158,Route 30: Amtrak 30th St Sta to 69th St TC,30,Route Discontinued,Eliminate,No,Route Discontinued,Eliminate,No,48016.685077933354478,"Route 30 will be discontinued. Customers can use other routes to transfer to the L [Market-Frankford Line] or other routes for trips to University City. This includes Route 46 on 60th St, Route 63 (G) on 56th/57th St, Route 52 on 52nd St, and Route 64 on 46th St. Route 42 provides service through University City.",Service elimination introduced in August 2025 will continue. ,Bus,Eliminated Routes and Segments,3110bbda-1391-40ab-aada-914ee07a05ea
159,Route 31: City Hall to 76th-City,31,Route Discontinued,Eliminate,No,Route Discontinued,Eliminate,No,40318.787975558916514,Route 31 will be discontinued. Customers in Overbrook Park can use Routes 103 or 105 and transfer to the L [Market-Frankford Line] or Route 21 service at 69th St Transit Center. Customers in Mill Creek and Mantua can take the realigned Route 38. ,Service elimination introduced in August 2025 will continue. ,Bus,Eliminated Routes and Segments,22eb2a38-9f7b-4380-9cdb-1d1ffe112298
160,Route 311: Horsham Breeze Blue,311,Route Discontinued,Eliminate,No,Route Discontinued,Eliminate,No,25977.241836006258382,Route 311 will be discontinued. Route 310 will be realigned to provide service on Blair Mill Rd.,Service elimination introduced in August 2025 will continue. ,Bus,Eliminated Routes and Segments,76be5ec1-bdc4-423c-9544-fc3ae4e04b46
161,Route 35: Manayunk Roxborough Loop,35,Route Discontinued,Eliminate,No,Route Discontinued,Eliminate,No,19139.721852104150457,"Route 35 will be discontinued. Route 9 provides service along Ridge Av. Routes 27 and 32 will also provide service through Manayunk and Roxborough. There will be no bus service on Domino Ln or Main St, but Manayunk Station on the Manayunk/Norristown Line will serve the Main St corridor.",Service elimination introduced in August 2025 will continue. ,Bus,Eliminated Routes and Segments,09f0bfac-d1c7-4c89-b71c-006c0abb5d88
163,Route 50: Parx Casino via Phila Mills to FTC,50,Route Discontinued,Eliminate,No,Route Discontinued,Eliminate,No,67923.381188509025378,"Route 50 will be discontinued. Route 20 provides service along much of Route 50's alignment between Parx Casino, Philadelphia Mills, and Frankford Transit Center. There will be no service on Decatur or Drummond Rds.",Service elimination introduced in August 2025 will continue. ,Bus,Eliminated Routes and Segments,28da9812-ac03-446d-adc5-e8cf4306586e
164,Route 62: 9th-Market to Andorra,62,Route Discontinued,Eliminate,No,Route Discontinued,Eliminate,No,50706.421701188737643,"Route 62 will be discontinued. Routes 9 and 27 provide service to 30th St Station from Ridge Av and Cathedral Rd. Route 38 and the L [Market-Frankford Line] provide connecting services at 30th St Station. There will be no bus service on Main St, Domino Lane, or Cathedral Rd.",Service elimination introduced in August 2025 will continue. ,Bus,Eliminated Routes and Segments,a8a4462c-617a-484b-bd87-d7babbff4027
165,Route 73: FTC to Richmond-Westmoreland,73,Route Discontinued,Eliminate,No,Route Discontinued,Eliminate,No,26108.340104652408627,Route 73 will be discontinued. Route 25 provides service along portions of Richmond and Bridge Sts. Route 84 provides supplementary service along Bridge St. ,Service elimination introduced in August 2025 will continue. ,Bus,Eliminated Routes and Segments,ca55bcdb-35b4-44ac-b492-f6f29f2f0b2a
166,Route 78: Express Cornwells Hgts to Ctr City,78,Route Discontinued,Eliminate,No,Route Discontinued,Eliminate,No,40025.324004344016430,"Route 78 will be discontinued. While there will be no bus service between Cornwells Heights and Center City, customers can reach Cornwells Heights Station via the Trenton Line (Regional Rail). ",Service elimination introduced in August 2025 will continue. ,Bus,Eliminated Routes and Segments,4c2edde2-820f-4c8a-834a-7512c53e93f0
167,Route 8: Olney TC to Frankford TC,8,Route Discontinued,Eliminate,No,Route Discontinued,Eliminate,No,28172.381145913743239,Route 8 will be discontinued. Routes 18 and 26 provide local service along Olney Av. Route 26 provides service between Olney Transit Center and Frankford Transit Center. ,Service elimination introduced in August 2025 will continue. ,Bus,Eliminated Routes and Segments,bbe91cf1-a0d3-44fd-accd-d7c2ba22ae36
168,Route 80: Express Horsham to Olney TC,80,Route Discontinued,Eliminate,No,Route Discontinued,Eliminate,No,54025.591238812696247,"Route 80 will be discontinued. Routes 22 and 55 provide service between Olney Transit Center and Willow Grove, and customers can transfer to Route 310 for connecting service. The Warminster Line (Regional Rail) will also provide access to Willow Grove and other destinations.",Service elimination introduced in August 2025 will continue. ,Bus,Eliminated Routes and Segments,0d01e567-14fb-44de-8f3a-cfc29591f0b3
169,Route 88: Bethayres & Frankford-Gregg to FTC,88,Route Discontinued,Eliminate,No,Route Discontinued,Eliminate,No,88036.180066216751584,Route 88 will be discontinued. Routes 14 and 20 provide service along Roosevelt Blvd while Route 66 provides service along Frankford Av. Route 20 will also provide service on Holme Av. ,Service elimination introduced in August 2025 will continue. ,Bus,Eliminated Routes and Segments,6753e6a4-811a-483e-b8fb-b1ba751b4348
170,Route 89: Front-Dauphin to Arrott TC,89,Route Discontinued,Eliminate,No,Route Discontinued,Eliminate,No,36621.174677330353006,"Route 89 will be discontinued. Routes 25 and 53 will provide service along Aramingo Av. Route 53 provides service along Hunting Park Av. Other service, including the L [Market-Frankford Line], are within walking distance of Route 89. ",Service elimination introduced in August 2025 will continue. ,Bus,Eliminated Routes and Segments,6733cbb5-77e8-403c-ae91-c37bc4f4eea2
171,Boulevard Direct: Nshmny Mall to FTC,BLVDDIR,Route Discontinued,Eliminate,No,Route Discontinued,Eliminate,No,64934.435878348580445,Blvd Direct service will be discontinued. Route 14 provides service between Neshaminy Mall and Frankford Transit Center. Route 20 provides supplemental service on Roosevelt Blvd south of Holme Av. ,Service elimination introduced in August 2025 will continue. ,Bus,Eliminated Routes and Segments,4071ed91-6612-412f-b965-6fa747a647d6
172,Route 9: 30th St Station to Andorra,9,Route Shortened,Retain,No,Route Shortened,Retain,No,38309.555151207561721,"Route 9 will be shortened to operate between Ridge Av and Cathedral Rd and 30th St Station. Service on Chestnut and Walnut Sts will be discontinued. For trips into Center City, customers can transfer to the L [Market-Frankford Line], any trolley line, or bus routes 21, 38, or 42 to complete their trip. Service on Route 9 will be reduced up to 20%. Peak headways will go from 15 to 20 minutes.",Reduced service introduced in August 2025 will continue. ,Bus,Route Shortened,ef091615-79e4-4134-9b68-d6fab848fb42
173,Route 33: 5th-Market to 23rd-Venango (current),33,None,Retain,Yes,Service Reduction,Retain,Yes,39288.240036029339535,Service on Route 33 will be reduced by up to 20%. Peak headways will go from 10 to 12 minutes. Midday headways will go from 15 to 20 minutes.,Reduced service introduced in August 2025 will continue.,Bus,Service Reduction,d1fe991a-b43c-478e-8e08-e060f4897fac
174,Route 25: Frankford Transit Center to Columbus Commons,25,Alignment,Eliminate,Yes,Service Reduction,Eliminate,Yes,4080.080720226441827,Route 25 will be realigned to operate via York St and Frankford Av with service on Memphis and Cedar Sts being discontinued. Service on Route 25 will be reduced by up to 20%. Peak headways will go from 15 to 20 minutes.,Reduced service introduced in August 2025 will continue.,Bus,Eliminated Routes and Segments,97686752-d045-4186-ad52-fd1de077cb8d
175,Route 38: 5th-Market to Wissahickon Transit Center,38,Alignment,Eliminate,Yes,Route Realigned,Eliminate,Yes,21191.306158683877584,"Route 38 will be realigned to operate through Mantua, operating on 34th and Market Sts, serving 30th St Station. Service through Fairmount and along the Benjamin Franklin Parkway will be discontinued. Service on Route 38 will be reduced by up to 20%. Midday headways will go from 20 to 30 minutes.",Reduced service introduced in August 2025 will continue.,Bus,Eliminated Routes and Segments,4f6eb5d7-5de5-44be-98ad-b0d4e089c877
176,Route 64: 50th-Parkside to Pier 70,64,Alignment,Eliminate,Yes,Route Realigned,Eliminate,Yes,2534.644122545451410,Route 64 will be realigned along Grays Ferry Av in Grays Ferry. Service on Route 64 will be reduced by up to 20%. Peak headways will go from 12 to 15 minutes. Midday headways will go from 20 to 30 minutes.,Reduced service introduced in August 2025 will continue.,Bus,Eliminated Routes and Segments,8c07566e-bee2-4d01-9b62-12f4a9aa2e27
177,Route 98: Plymouth Meeting to Norristown Transit Center,98,Alignment,Eliminate,Yes,Service Reduction,Eliminate,Yes,6780.974531118047707,"Route 98 will be shortened, and all service will end at Plymouth Meeting Mall and service will be reduced by up to 20%. Service in Blue Bell will be discontinued. Peak headways will go from 30 to 40 minutes.",Reduced service introduced in August 2025 will continue.,Bus,Eliminated Routes and Segments,fda8ccaa-0b57-45de-8258-b6c40ddba1ba
178,Route 105: 69th St Transit Center to Paoli,105,Alignment,Eliminate,No,Route Realigned,Eliminate,No,3678.345126692853682,Route 105 & 106 will be combined into one route with two patterns: one segment operating between 69th St Transit Center and Rosemont (via Haverford Av and City Av) and the second extending service to Paoli. Route 65 will continue to operate on Malvern Av.,Service realignment introduced in August 2025 will continue.,Bus,Eliminated Routes and Segments,8241f6f7-ffa5-46cf-b6bd-be3b2a04767e
179,Route 47M: Whitmn Plz to 7th-Spg Grd via 9thSt,47M,Route Discontinued,Eliminate,No,Route Discontinued,Eliminate,No,8451.977531893697233,Route 47M will be discontinued. Route 47 provides service on 7th and 8th Sts between South Philadelphia and Center City.,Service elimination introduced in August 2025 will continue.,Bus,Eliminated Routes and Segments,dca043db-e29c-42e5-9cbc-8a70d06f8eaf
180,Route 114: Wawa Railroad Station to Darby Transit Center,114,None,Retain,Yes,Service Reduction,Retain,Yes,3879.170992026598469,Service on Route 114 will be reduced by up to 20%. Midday headways will go from 30 to 40 minutes.,Reduced service introduced in August 2025 will continue.,Bus,Service Reduction,b9c5adb3-0510-4fb6-a109-02378daaeab0
181,Route 125: KOP Business Park to 30th Street Station,125,Route Shortened,Retain,No,Route Shortened,Retain,No,97689.336286412042682,"Route 125 will be shortened to operate between 30th St Station and King of Prussia Mall. L [Market-Frankford Line] and T [10, 11, 13, 34, 36] provide connecting service between Center City and 30th St, as will Routes 38 on Market St.",Reduced service introduced in August 2025 will continue.,Bus,Route Shortened,2d6d7b37-bb12-4e0c-ae79-e347f31c835f
182,Route 53: Wayne-Carpenter to Broad-Hunting Pk,53,Alignment,Retain,Yes,Route Realigned,Retain,Yes,43841.335888596047880,Route 53 will operate part of the Route 89 to Westmoreland Loop and will be extended to Carpenter Station via Lincoln Drive to the west. Service on Route 53 will be reduced by up to 20%. Peak headways will go from 20 to 30 minutes.,Reduced service introduced in August 2025 will continue.,Bus,Route Realigned,49a2147e-4a58-4d5f-aee6-8b815a14a0a0
183,Route 53: Wayne-Carpenter to Broad-Hunting Pk,53,Alignment,Eliminate,Yes,Route Realigned,Eliminate,Yes,2529.977749599895105,Route 53 will operate part of the Route 89 to Westmoreland Loop and will be extended to Carpenter Station via Lincoln Drive to the west. Service on Route 53 will be reduced by up to 20%. Peak headways will go from 20 to 30 minutes.,Reduced service introduced in August 2025 will continue.,Bus,Eliminated Routes and Segments,04468abe-9afd-4912-bf20-e22db7d5b0f9
184,Route 125: KOP Business Park to 30th Street Station,125,Route Shortened,Eliminate,No,Route Shortened,Eliminate,No,2650.669713174315348,"Route 125 will be shortened to operate between 30th St Station and King of Prussia Mall. L [Market-Frankford Line] and T [10, 11, 13, 34, 36] provide connecting service between Center City and 30th St, as will Routes 38 on Market St.",Reduced service introduced in August 2025 will continue.,Bus,Eliminated Routes and Segments,d7abd08b-fc40-419f-aa59-c4c51ec5a620
185,Route 310: Horsham Breeze,310,Alignment,Eliminate,No,Route Realigned,Eliminate,No,4664.411901619530909, Route 310 will be realigned to provide service on some discontinued segments from Route 311.,Service realignment introduced in August 2025 will continue.,Bus,Eliminated Routes and Segments,10bba5e2-ebfc-42d4-8b2b-afb6f9c1c442
186,Route 3: 33rd-Cecil B. Moore Loop to York-Dauphin,3,Route Shortened,Eliminate,No,Route Shortened,Eliminate,No,1857.592651188805348,"Route 3 service along Kensington Av will be discontinued, with all trips ending at York and Dauphin Sts. Customers can connect to the L [Market-Frankford Line] or use Route 5 for service north of York and Dauphin Sts. Service on Route 3 will be reduced by up to 20%. Peak headways will go from 10 to 12 minutes. Midday headways will go from 15 to 20 minutes.",Reduced service introduced in August 2025 will continue.,Bus,Eliminated Routes and Segments,c0f395c1-f5c8-4924-9944-7374ae992642
